Release_Year,Content_Count,Yearly_Change,Growth_Percentage
1925,1,,
1942,2,1.0,100.0
1943,3,1.0,50.0
1944,3,0.0,0.0
1945,4,1.0,33.33333333333333
1946,2,-2.0,-50.0
1947,1,-1.0,-50.0
1954,2,1.0,100.0
1955,3,1.0,50.0
1956,2,-1.0,-33.333333333333336
1958,3,1.0,50.0
1959,1,-2.0,-66.66666666666667
1960,4,3.0,300.0
1961,1,-3.0,-75.0
1962,3,2.0,200.0
1963,2,-1.0,-33.333333333333336
1964,2,0.0,0.0
1965,2,0.0,0.0
1966,1,-1.0,-50.0
1967,5,4.0,400.0
1968,3,-2.0,-40.0
1969,2,-1.0,-33.333333333333336
1970,2,0.0,0.0
1971,5,3.0,150.0
1972,5,0.0,0.0
1973,10,5.0,100.0
1974,7,-3.0,-30.000000000000004
1975,7,0.0,0.0
1976,9,2.0,28.57142857142858
1977,7,-2.0,-22.22222222222222
1978,7,0.0,0.0
1979,11,4.0,57.14285714285714
1980,11,0.0,0.0
1981,13,2.0,18.181818181818187
1982,17,4.0,30.76923076923077
1983,11,-6.0,-35.29411764705882
1984,12,1.0,9.090909090909083
1985,10,-2.0,-16.666666666666664
1986,13,3.0,30.000000000000004
1987,8,-5.0,-38.46153846153846
1988,18,10.0,125.0
1989,16,-2.0,-11.111111111111116
1990,22,6.0,37.5
1991,17,-5.0,-22.72727272727273
1992,23,6.0,35.29411764705883
1993,28,5.0,21.739130434782616
1994,22,-6.0,-21.42857142857143
1995,25,3.0,13.636363636363647
1996,24,-1.0,-4.0000000000000036
1997,38,14.0,58.33333333333333
1998,36,-2.0,-5.263157894736848
1999,39,3.0,8.333333333333325
2000,37,-2.0,-5.128205128205132
2001,45,8.0,21.62162162162162
2002,51,6.0,13.33333333333333
2003,59,8.0,15.686274509803933
2004,64,5.0,8.47457627118644
2005,80,16.0,25.0
2006,96,16.0,19.999999999999996
2007,88,-8.0,-8.333333333333337
2008,135,47.0,53.40909090909092
2009,152,17.0,12.592592592592599
2010,192,40.0,26.315789473684205
2011,185,-7.0,-3.645833333333337
2012,236,51.0,27.567567567567576
2013,286,50.0,21.18644067796611
2014,352,66.0,23.076923076923084
2015,555,203.0,57.67045454545454
2016,901,346.0,62.34234234234235
2017,1030,129.0,14.317425083240853
2018,1146,116.0,11.262135922330096
2019,1030,-116.0,-10.122164048865622
2020,953,-77.0,-7.4757281553398
2021,592,-361.0,-37.8803777544596
